{"cameraMode":{"drawMode":0,"name":"Shaded","section":"Shading Mode"},"sceneLighting":true,"audioPlay":false,"sceneViewState":{"m_AlwaysRefresh":false,"showFog":true,"showSkybox":true,"showFlares":true,"showImageEffects":true,"showParticleSystems":true,"showVisualEffectGraphs":true,"m_FxEnabled":false},"in2DMode":false,"pivot":{"x":27.28947639465332,"y":85.76345825195313,"z":170.632080078125},"rotation":{"x":0.5289084315299988,"y":-0.014001842588186264,"z":0.008727787993848324,"w":0.8485193252563477},"size":122.90339660644531,"orthographic":true}