{"cameraMode":{"drawMode":0,"name":"Shaded","section":"Shading Mode"},"sceneLighting":true,"audioPlay":false,"sceneViewState":{"m_AlwaysRefresh":false,"showFog":true,"showSkybox":true,"showFlares":true,"showImageEffects":true,"showParticleSystems":true,"showVisualEffectGraphs":true,"m_FxEnabled":true},"in2DMode":false,"pivot":{"x":2.880378246307373,"y":7.147192001342773,"z":-0.0955471321940422},"rotation":{"x":0.020874138921499254,"y":-0.10865914821624756,"z":0.002282318426296115,"w":0.9938576817512512},"size":7.976268768310547,"orthographic":true}