{"cameraMode":{"drawMode":0,"name":"Shaded","section":"Shading Mode"},"sceneLighting":true,"audioPlay":false,"sceneViewState":{"m_AlwaysRefresh":false,"showFog":true,"showSkybox":true,"showFlares":true,"showImageEffects":true,"showParticleSystems":true,"showVisualEffectGraphs":true,"m_FxEnabled":true},"in2DMode":false,"pivot":{"x":1.3063061237335206,"y":1.22880220413208,"z":5.970000267028809},"rotation":{"x":0.034271713346242908,"y":-0.11308785527944565,"z":0.003903331235051155,"w":0.9929864406585693},"size":5.504190444946289,"orthographic":true}